,dataset,total_time,tuning_time,training_time,predict_time,best_params_preset,best_params_model_set,train_metrics_accuracy,train_metrics_gmean,train_metrics_cross_entropy,train_metrics_auc_ovo,test_metrics_accuracy,test_metrics_gmean,test_metrics_cross_entropy,test_metrics_auc_ovo
0,steel-plates-fault,8143.096718549728,5486.285083,1608.184825,1048.626811,high_quality,gbm_cat_xgb,0.6812363834422659,0.4280232804351634,1.0346733896544569,0.935242832963959,0.5917667238421955,0.0,1.2421318643312282,0.9552545594861324
1,tic-tac-toe,1316.703513622284,1004.654372,246.213966,65.835176,high_quality,gbm_only,0.7880597014925373,0.5699140107499987,0.46640434772174,0.82757165946625,0.8298611111111112,0.7191898515365686,0.4253175607903501,0.9562765957446808
2,banknote-authentication,1425.959796667099,915.000458,244.959011,266.000327,high_quality,gbm_cat,0.871875,0.8388708885305485,0.5625039533566742,0.9854648260747426,0.8737864077669902,0.8550130519843782,0.563014412083957,0.9681676092299616
3,diabetes,1419.841204404831,998.002842,350.846302,70.99206,good_quality,gbm_cat,0.6984626135569532,0.40203731748014837,0.5505840151955559,0.7991478696741854,0.7445887445887446,0.5842233069879903,0.5420562869877765,0.8180246913580247
4,ilpd,1389.9989848136902,1075.668596,244.830439,69.499949,high_quality,all_trees,0.676829268292683,0.24259072732723327,0.6022350785955497,0.6707523510971788,0.6857142857142857,0.3308171700501653,0.6822377070119167,0.6288
5,blood-transfusion-service-center,1812.7154171466827,1386.854497,315.808123,110.052797,good_quality,gbm_cat,0.7629172714078375,0.12383674236029536,0.6121472945867888,0.6753772189349113,0.7688888888888888,0.23501206195801305,0.6767923659099112,0.7357050032488629
6,climate-model-simulation-crashes,1487.6103932857513,1077.526226,292.254289,117.829878,good_quality,all_trees,0.9153627311522049,0.0,0.2799093654528777,0.7934943977591037,0.9135802469135802,0.0,0.2826535612655839,0.6920849420849421
7,car,7528.425501346588,5628.684242,1508.964603,390.776656,good_quality,gbm_cat_xgb,0.8411294765840222,0.4413037320255331,0.4192719375172483,0.9429667869046956,0.953757225433526,0.8965773268604408,0.24842117076392442,0.9960346168251307
8,cnae-9,4321.402336359024,2845.286471,1126.417228,349.698637,high_quality,gbm_cat_xgb,0.7238771929824561,0.6690099766975237,1.867682323117031,0.9409861539780522,0.6790123456790124,0.6565564479264187,2.151155464114722,0.9334276406035666
9,balance-scale,6010.590765476227,4413.701412,1111.407674,485.481679,medium_quality,gbm_only,0.7710887949260042,0.0,0.8459722063534674,0.7271216931216932,0.8404255319148937,0.0,0.7810304781945259,0.7885161424455731
10,pc3,1563.1621084213257,1234.52529,254.27661,74.360208,medium_quality,gbm_only,0.8976313594662217,0.0,0.3233870569402276,0.765839517625232,0.8976545842217484,0.0,0.32438787269565267,0.772590063341251
11,wdbc,428.4333200454712,292.349872,103.390302,32.693146,good_quality,gbm_cat_xgb,0.8444871794871796,0.6859772664407556,0.45577397516187235,0.9752857142857143,0.9181286549707602,0.8838834764831844,0.3991654438905504,0.999123831775701
12,pc4,1666.384655714035,1157.686462,330.331451,178.366743,good_quality,gbm_cat,0.877450980392157,0.0,0.3570480425573429,0.8620137088255067,0.8789954337899544,0.0,0.35003383342054595,0.9044106836559667
13,cylinder-bands,1071.1518001556396,784.191652,206.386324,80.573824,good_quality,tree_ensemble,0.7088904694167854,0.5400433723913184,0.595165628289709,0.7773877164502163,0.5802469135802469,0.0,0.668705660612976,0.7324780976220275
14,credit-approval,1124.4277217388153,744.092334,268.945148,111.39024,medium_quality,all_trees,0.8467687074829933,0.8304065325586697,0.5552419225201622,0.9246656121656119,0.7632850241545893,0.7181813831162852,0.6124785619087573,0.8946597353497164
15,dresses-sales,1132.0698411464691,758.957286,259.865873,113.246682,high_quality,gbm_xgb,0.5942857142857142,0.30849887556191535,0.6786700426598488,0.6053469387755102,0.56,0.46556285125953334,0.6801974019349406,0.5734355044699871
16,kc2,872.6119711399078,549.38032,229.957719,93.273932,good_quality,all_trees,0.7946696696696696,0.0,0.4910674337192697,0.830572660098522,0.7961783439490446,0.0,0.49581810454961817,0.73475
17,eucalyptus,5357.426985502243,3795.842688,1133.928502,427.655795,medium_quality,all_trees,0.5192307692307693,0.23633671659926084,1.1925961802467593,0.791742157974301,0.6167664670658682,0.5773811005507817,1.0355435316290764,0.8572288578392094
18,qsar-biodeg,2032.6330208778381,1514.396863,388.58169,129.654468,high_quality,tree_ensemble,0.8102739726027398,0.7137931733582226,0.4681916357582123,0.8984506802721087,0.6876971608832808,0.27343437080986527,0.5401261501866864,0.8800178015131286
19,credit-g,1701.3787724971771,1155.491551,392.218339,153.668882,good_quality,gbm_cat,0.7271428571428571,0.4597072253773479,0.5384790801487922,0.7442176870748299,0.7466666666666667,0.6300667639100851,0.5553090404429984,0.7605820105820106
20,breast-w,724.4493613243103,535.791641,138.335716,50.322004,good_quality,gbm_xgb,0.8569727891156462,0.7694413661828776,0.4492356231305341,0.9877527573529411,0.9619047619047619,0.961046882889233,0.1575731291263507,0.9906400966183575
21,vehicle,2978.980481863022,2143.296388,665.891469,169.792625,good_quality,gbm_cat_xgb,0.5992937853107344,0.49546952823210777,1.3224536707162327,0.8519680627325718,0.7086614173228346,0.6775972168686872,1.0593484554998545,0.9173623952169626
22,mfeat-morphological,3777.9952738285065,2914.783556,581.417113,281.794605,good_quality,gbm_cat_xgb,0.6828571428571428,0.4424286688975531,1.694135622617404,0.9517743764172337,0.7033333333333334,0.6691013322619186,0.9816480517002115,0.9595216049382717
23,analcatdata_authorship,2822.4258739948273,1951.681631,620.034004,250.710239,good_quality,all_trees,0.7871712448860316,0.18411850025210355,0.9362978243825941,0.9855939440993788,0.6758893280632411,0.0,1.1451236029324856,0.9751621016418213
24,pc1,1463.7085800170898,981.945872,365.858608,115.9041,medium_quality,gbm_only,0.9304362304362304,0.0,0.24844484114704693,0.7547507610350077,0.9309309309309309,0.0,0.24758334374177168,0.7668302945301543
25,vowel,6733.457756996155,5211.709555,1185.075314,336.672888,medium_quality,gbm_cat,0.7546997929606625,0.7247205555266705,1.414635304148375,0.9633405483405483,0.7508417508417509,0.7375016654321641,1.5630401190209597,0.9694600324229955
26,analcatdata_dmft,1296.2688703536987,853.507775,291.817961,150.943135,high_quality,gbm_cat_xgb,0.24694727104532838,0.07744713321263481,1.6588228262332383,0.557228044332211,0.27638190954773867,0.26410291646892553,1.6000094029652105,0.5844153557782836
27,semeion,5615.9202003479,4402.181037,932.943153,280.79601,good_quality,gbm_cat,0.8108429858429858,0.7996280690419685,1.156815094986254,0.9632179752066115,0.7866108786610879,0.7785040092831527,1.741159527975357,0.959533348904297
28,MiceProtein,5306.795802354813,3625.529669,1136.838906,544.427227,medium_quality,all_trees,0.8268245614035086,0.8106824894941399,1.594008381243172,0.9652016943944703,0.8179012345679012,0.8136436715642791,1.8346297012606398,0.9714263259619719
29,cmc,4359.334319591522,2926.547984,674.220171,758.566165,high_quality,gbm_cat,0.5043035847647498,0.3412563902888125,0.9928949424287807,0.693054531686778,0.5497737556561086,0.4832801657790632,0.8858926901384921,0.749166926029671
